-- phpMyAdmin SQL Dump
-- version 4.0.10.18
-- https://www.phpmyadmin.net
--
-- Host: localhost:3306
-- Generation Time: Oct 09, 2017 at 02:10 PM
-- Server version: 5.6.36-cll-lve
-- PHP Version: 5.6.30

SET SQL_MODE = "NO_AUTO_VALUE_ON_ZERO";
SET time_zone = "+00:00";


/*!40101 SET @OLD_CHARACTER_SET_CLIENT=@@CHARACTER_SET_CLIENT */;
/*!40101 SET @OLD_CHARACTER_SET_RESULTS=@@CHARACTER_SET_RESULTS */;
/*!40101 SET @OLD_COLLATION_CONNECTION=@@COLLATION_CONNECTION */;
/*!40101 SET NAMES utf8 */;

--
-- Database: `ReUseDB`
--

-- --------------------------------------------------------

--
-- Table structure for table `Resource_Type`
--

CREATE TABLE IF NOT EXISTS `Resource_Type` (
  `id` int(11) NOT NULL,
  `name` varchar(100) NOT NULL,
  PRIMARY KEY (`id`)
) ENGINE=MyISAM DEFAULT CHARSET=latin1;

--
-- Dumping data for table `Resource_Type`
--

INSERT INTO `Resource_Type` (`id`, `name`) VALUES
(0, 'reuse'),
(1, 'repair'),
(2, 'recycle');

-- --------------------------------------------------------

--
-- Table structure for table `Reuse_Categories`
--

CREATE TABLE IF NOT EXISTS `Reuse_Categories` (
  `id` int(11) NOT NULL AUTO_INCREMENT,
  `name` varchar(255) NOT NULL,
  PRIMARY KEY (`id`)
) ENGINE=InnoDB  DEFAULT CHARSET=latin1 AUTO_INCREMENT=20 ;

--
-- Dumping data for table `Reuse_Categories`
--

INSERT INTO `Reuse_Categories` (`id`, `name`) VALUES
(1, 'Household'),
(2, 'Bedding / Bath and beyond'),
(3, 'Children''s Goods'),
(4, 'Appliances - Small'),
(5, 'Appliances - Large'),
(6, 'Building / Home Improvement'),
(7, 'Wearable Items'),
(8, 'Usable Electronics'),
(9, 'Sporting Equipment / Camping'),
(10, 'Garden'),
(11, 'Food'),
(12, 'Medical Supplies'),
(13, 'Office Equipment'),
(14, 'Packing Materials'),
(15, 'Miscellaneous'),
(16, 'Repair Items'),
(18, 'test'),
(19, 'Electronics');

-- --------------------------------------------------------

--
-- Table structure for table `Reuse_Documents`
--

CREATE TABLE IF NOT EXISTS `Reuse_Documents` (
  `id` int(11) NOT NULL AUTO_INCREMENT,
  `name` text NOT NULL,
  `URI` text NOT NULL,
  `location_id` int(11) NOT NULL,
  PRIMARY KEY (`id`),
  KEY `location_id` (`location_id`)
) ENGINE=MyISAM  DEFAULT CHARSET=latin1 AUTO_INCREMENT=4 ;

--
-- Dumping data for table `Reuse_Documents`
--

INSERT INTO `Reuse_Documents` (`id`, `name`, `URI`, `location_id`) VALUES
(1, 'Recycle Depot', 'http://site.republicservices.com/site/corvallis-or/en/documents/corvallisrecycledepot.pdf', 97),
(2, 'Recycling Guidelines', 'http://site.republicservices.com/site/corvallis-or/en/documents/detailedrecyclingguide.pdf', 97),
(3, 'Curbside Recycling', 'http://site.republicservices.com/site/corvallis-or/en/documents/2013corvrecyclehandout.pdf', 97);

-- --------------------------------------------------------

--
-- Table structure for table `Reuse_Donors`
--

CREATE TABLE IF NOT EXISTS `Reuse_Donors` (
  `ID` int(11) NOT NULL AUTO_INCREMENT,
  `Name` varchar(90) NOT NULL,
  `WebsiteURL` text NOT NULL,
  `Description` text NOT NULL,
  PRIMARY KEY (`ID`),
  UNIQUE KEY `Name` (`Name`)
) ENGINE=MyISAM DEFAULT CHARSET=latin1 AUTO_INCREMENT=1 ;

-- --------------------------------------------------------

--
-- Table structure for table `Reuse_Items`
--

CREATE TABLE IF NOT EXISTS `Reuse_Items` (
  `id` int(11) NOT NULL AUTO_INCREMENT,
  `name` varchar(255) NOT NULL,
  `category_id` int(11) NOT NULL,
  PRIMARY KEY (`id`),
  KEY `category_id` (`category_id`)
) ENGINE=InnoDB  DEFAULT CHARSET=latin1 AUTO_INCREMENT=199 ;

--
-- Dumping data for table `Reuse_Items`
--

INSERT INTO `Reuse_Items` (`id`, `name`, `category_id`) VALUES
(1, 'Arts and Crafts', 1),
(2, 'Barbeque Grills', 1),
(3, 'Books', 1),
(4, 'Canning Jars', 1),
(5, 'Cleaning Supplies are in', 1),
(6, 'Clothes Hangers', 1),
(7, 'Cookware', 1),
(8, 'Dishes', 1),
(9, 'Fabric', 1),
(10, 'Food Storage Containers', 1),
(11, 'Furniture', 1),
(12, 'Luggage', 1),
(13, 'Mattresses', 1),
(14, 'Ornaments', 1),
(15, 'Toiletries', 1),
(16, 'Utensils', 1),
(17, 'Blankets', 2),
(18, 'Comforters', 2),
(19, 'Linens', 2),
(20, 'Sheets', 2),
(21, 'Small Rugs', 2),
(22, 'Towels', 2),
(23, 'Arts and Crafts', 3),
(24, 'Baby Carriers', 3),
(25, 'Baby Gates', 3),
(26, 'Bike Trailers', 3),
(27, 'Books', 3),
(28, 'Child Car Seats', 3),
(29, 'Clothes', 3),
(30, 'Crayons', 3),
(31, 'Cribs', 3),
(32, 'Diapers', 3),
(33, 'High Chairs', 3),
(34, 'Maternity', 3),
(35, 'Musical Instruments', 3),
(36, 'Nursing Items', 3),
(37, 'Playpens', 3),
(38, 'School Supplies', 3),
(39, 'Strollers', 3),
(40, 'Toys', 3),
(41, 'Blenders', 4),
(42, 'Dehumidifiers', 4),
(43, 'Fans', 4),
(44, 'Microwaves', 4),
(45, 'Space Heaters', 4),
(46, 'Toasters', 4),
(47, 'Vacuum Cleaners', 4),
(48, 'Dishwashers', 5),
(49, 'Freezers', 5),
(50, 'Refridgerators', 5),
(51, 'Stoves', 5),
(52, 'Washers / Dryers', 5),
(53, 'Bricks', 6),
(54, 'Carpet Padding', 6),
(55, 'Carpets', 6),
(56, 'Ceramic Tiles', 6),
(57, 'Doors', 6),
(58, 'Drywall', 6),
(59, 'Electrical Supplies', 6),
(60, 'Hand Tools', 6),
(61, 'Hardware', 6),
(62, 'Insulation', 6),
(63, 'Ladders', 6),
(64, 'Light Fixtures', 6),
(65, 'Lighting Ballasts', 6),
(66, 'Lumber', 6),
(67, 'Motors', 6),
(68, 'Paint', 6),
(69, 'Pipe', 6),
(70, 'Plumbing', 6),
(71, 'Power Tools', 6),
(72, 'Reusable Metal Items', 6),
(73, 'Roofing', 6),
(74, 'Vinyl', 6),
(75, 'Windows', 6),
(76, 'Belts', 7),
(77, 'Boots', 7),
(78, 'Clothes', 7),
(79, 'Coats', 7),
(80, 'Hats', 7),
(81, 'Rainwear', 7),
(82, 'Sandals', 7),
(83, 'Shoes', 7),
(84, 'Calculators', 8),
(85, 'Cameras', 8),
(86, 'Cassette Players', 8),
(87, 'CD Players', 8),
(88, 'CDs', 8),
(89, 'Cell Phones', 8),
(90, 'Computers', 8),
(91, 'Curling Irons', 8),
(92, 'DVD Players', 8),
(93, 'Game Consoles', 8),
(94, 'GPS Systems', 8),
(95, 'Hair Dryers', 8),
(96, 'Monitors', 8),
(97, 'MP3 Players', 8),
(98, 'Printers', 8),
(99, 'Projectors', 8),
(100, 'Receivers', 8),
(101, 'Scanners', 8),
(102, 'Speakers', 8),
(103, 'Tablets', 8),
(104, 'Telephones', 8),
(105, 'TVs', 8),
(106, 'Backpacks', 9),
(107, 'Balls', 9),
(108, 'Barbells', 9),
(109, 'Bicycles', 9),
(110, 'Bike Tires', 9),
(111, 'Camping Equipment', 9),
(112, 'Day Packs', 9),
(113, 'Dumbbells', 9),
(114, 'Exercise Equipment', 9),
(115, 'Golf Clubs', 9),
(116, 'Helmets', 9),
(117, 'Hiking Boots', 9),
(118, 'Skateboards', 9),
(119, 'Skis', 9),
(120, 'Small Boats', 9),
(121, 'Snowshoes', 9),
(122, 'Sporting Goods', 9),
(123, 'Tennis Rackets', 9),
(124, 'Tents', 9),
(125, 'Chain Saws', 10),
(126, 'Fencing', 10),
(127, 'Garden Pots', 10),
(128, 'Garden Tools', 10),
(129, 'Hand Clippers', 10),
(130, 'Hoses', 10),
(131, 'Lawn Furniture', 10),
(132, 'Livestock Supplies', 10),
(133, 'Loppers', 10),
(134, 'Mowers', 10),
(135, 'Seeders', 10),
(136, 'Soil Amendment', 10),
(137, 'Sprinklers', 10),
(138, 'Wheelbarrows', 10),
(139, 'Beverages', 11),
(140, 'Surplus Garden Produce', 11),
(141, 'Unopened Canned Goods', 11),
(142, 'Unopened Packaged Goods', 11),
(143, 'Adult Diapers', 12),
(144, 'Blood Pressure Monitors', 12),
(145, 'Canes', 12),
(146, 'Crutches', 12),
(147, 'Eye Glasses', 12),
(148, 'Glucose Meters', 12),
(149, 'Hearing Aids', 12),
(150, 'Hospital Beds', 12),
(151, 'Reach Extenders', 12),
(152, 'Shower Chairs', 12),
(153, 'Walkers', 12),
(154, 'Wheelchairs', 12),
(155, 'Calculators', 13),
(156, 'Computers', 13),
(157, 'Fax Machines', 13),
(158, 'Headsets', 13),
(159, 'Monitors', 13),
(160, 'Office Furniture', 13),
(161, 'Paper Shredder', 13),
(162, 'Print Cartridge Refilling', 13),
(163, 'Printers', 13),
(164, 'Scanners', 13),
(165, 'Telephones', 13),
(166, 'Bubble Wrap', 14),
(167, 'Clean Foam Peanuts', 14),
(168, 'Foam Sheets', 14),
(169, 'Egg Cartons', 15),
(170, 'Firewood', 15),
(171, 'Fabric', 15),
(172, 'Paper Bags', 15),
(173, 'Pet Supplies', 15),
(174, 'Shopping Bags', 15),
(175, 'Vehicles / Parts', 15),
(176, 'Computer Paper', 15),
(177, 'Reusable metal Items', 15),
(178, 'Cell Phones', 16),
(179, 'Small Appliances', 16),
(180, 'Books', 16),
(181, 'Clothes', 16),
(182, 'Computers', 16),
(183, 'Furniture', 16),
(184, 'Lamps', 16),
(185, 'Lawn Power Equipment', 16),
(186, 'Outdoor Gear', 16),
(187, 'Sandals', 16),
(188, 'Shoes/Boots', 16),
(189, 'Upholstery (Car)', 16),
(190, 'Upholstery (Furniture)', 16),
(193, 'Gray''s Furniture Repair', 1),
(194, 'Upholstery (Furniture)', 1),
(195, 'Cell Phones', 19),
(196, 'Computers', 19),
(197, 'Lawn Power Equipment', 10),
(198, 'Misc Small Appliances', 4);

-- --------------------------------------------------------

--
-- Table structure for table `Reuse_Locations`
--

CREATE TABLE IF NOT EXISTS `Reuse_Locations` (
  `id` int(11) NOT NULL AUTO_INCREMENT,
  `name` varchar(255) NOT NULL,
  `address_line_1` varchar(255) DEFAULT NULL,
  `address_line_2` varchar(255) DEFAULT NULL,
  `city` varchar(255) DEFAULT NULL,
  `state_id` int(11) DEFAULT NULL,
  `zip_code` int(11) DEFAULT NULL,
  `phone` varchar(255) DEFAULT NULL,
  `website` varchar(255) DEFAULT NULL,
  `latitude` float(12,8) DEFAULT NULL,
  `longitude` float(12,8) DEFAULT NULL,
  `Recycle` tinyint(1) NOT NULL DEFAULT '0',
  PRIMARY KEY (`id`),
  KEY `state_id` (`state_id`)
) ENGINE=InnoDB  DEFAULT CHARSET=latin1 AUTO_INCREMENT=108 ;

--
-- Dumping data for table `Reuse_Locations`
--

INSERT INTO `Reuse_Locations` (`id`, `name`, `address_line_1`, `address_line_2`, `city`, `state_id`, `zip_code`, `phone`, `website`, `latitude`, `longitude`, `Recycle`) VALUES
(1, 'Albany-Corvallis ReUseIt', NULL, NULL, NULL, NULL, NULL, NULL, 'https://groups.yahoo.com/neo/groups/albanycorvallisReUseIt/info', NULL, NULL, 0),
(2, 'Arc Thrift Stores (Corvallis)', '928 NW Beca Ave', NULL, 'Corvallis', 37, 97330, '5417549011', 'http://www.arcbenton.org/', 44.57819366, -123.26132965, 0),
(3, 'Arc Thrift Stores (Philomath)', '936 Main St', NULL, 'Philomath', 37, 97370, '5419293946', 'http://www.arcbenton.org/', 44.54017639, -123.37325287, 0),
(5, 'Benton County Extension / 4-H  Activities', '1849 NW 9th', NULL, 'Corvallis', 37, 97330, '5417666750', 'http://extension.oregonstate.edu/benton/', 44.58611679, -123.25634003, 0),
(6, 'Benton County Master Gardeners', '1849 NW 9th St', NULL, 'Corvallis', 37, 97330, '5417666750', 'http://extension.oregonstate.edu/benton/horticulture/mg', 44.58611679, -123.25634003, 0),
(7, 'Book Bin  ', '215 SW 4th St', NULL, 'Corvallis', 37, 97330, '5417520040', 'http://bookbin.com/', 44.56326294, -123.26229858, 0),
(8, 'Browser''s Bookstore', '121 NW 4th St', NULL, 'Corvallis', 37, 97330, '8887581121', 'http://www.browsersbookstore.com/', 44.56497955, -123.26142120, 0),
(9, 'Boys & Girls Club / STARS (After School Program)', '1112 NW Circle Blvd', NULL, 'Corvallis', 37, 97330, '5417571909', 'http://www.bgccorvallis.org/', 44.58867645, -123.26407623, 0),
(12, 'CARDV (Center Against Rape / Domestic Violence)', '4786 SW Philomath Blvd', NULL, 'Corvallis', 37, 97330, '5417580219', 'http://cardv.org/', 44.55294800, -123.30515289, 0),
(13, 'Career Closet for Women (Drop-Off Location)', ' 942 NW 9th, Ste.A', NULL, 'Corvallis', 37, 97330, '5417546979', 'https://sicorvallis.wordpress.com/', 44.57432175, -123.26340485, 0),
(14, 'Cat''s Meow Humane Society Thrift Shop', '411 SW 3rd St', NULL, 'Corvallis', 37, 97330, '5417570573', 'http://www.heartlandhumane.org/', 44.56117249, -123.26249695, 0),
(15, 'Children''s Farm Home', '4455 NE Hwy 20', NULL, 'Corvallis', 37, 97330, '5417571852', 'http://www.trilliumfamily.org/', 44.60430527, -123.21385956, 0),
(16, 'Chintimini Wildlife Rehabilitation Ctr', '311 Lewisburg Rd', NULL, 'Corvallis', 37, 97330, '5417455324', 'http://www.chintiminiwildlife.org/', 44.63098145, -123.24715424, 0),
(17, 'Community Outreach (Homeless Shelter)', '865 NW Reiman', NULL, 'Corvallis', 37, 97330, '5417583000', 'http://www.communityoutreachinc.org/services/emergency-shelter-program/family-shelter/', 44.57332611, -123.26248932, 0),
(18, 'Corvallis Environmental Center', '214 SW Monroe Ave', NULL, 'Corvallis', 37, 97330, '5417539211', 'http://www.corvallisenvironmentalcenter.org/', 44.56412888, -123.26015472, 0),
(19, 'Corvallis Bicycle Collective', '33900 SE Roche Ln/Hwy 34', NULL, 'Corvallis', 37, 97330, '5412246885', 'http://corvallisbikes.org/', 0.00000000, 0.00000000, 0),
(20, 'Corvallis Furniture', '720 NE Granger Ave, Bldg J', NULL, 'Corvallis', 37, 97330, '5412318103', 'http://corvallisfurniture.com/', 44.62865448, -123.23441315, 0),
(23, 'Corvallis.craigslist.org And Freecycle.org', NULL, NULL, 'Corvallis', 37, 97330, NULL, 'https://corvallis.craigslist.org/', NULL, NULL, 0),
(24, 'First Alternative Co-op Recycling Center', '1007 SE 3rd St', NULL, 'Corvallis', 37, 97330, '5417533115', 'http://firstalt.coop/programs/recycling-center/', 44.55381012, -123.26457214, 0),
(25, 'First Alternative Co-op Store (South Store)', '1007 SE 3rd St', NULL, 'Corvallis', 37, 97330, '5417533115', 'http://firstalt.coop/', 44.55381012, -123.26457214, 0),
(26, 'First Alternative Co-op Store (North Store)', '2855 NW Grant Ave', NULL, 'Corvallis', 37, 97330, '5414523115', 'http://firstalt.coop/', 44.57893372, -123.28259277, 0),
(27, 'Furniture Exchange', '210 NW 2nd St', NULL, 'Corvallis', 37, 97330, '5418330183', 'http://www.furnitureexchange-usa.com/', 44.56529236, -123.25929260, 0),
(28, 'Furniture Share (Formerly Benton FS)', '155 SE Lilly Ave', NULL, 'Corvallis', 37, 97330, '5417549511', 'http://furnitureshare.org/', 44.54851913, -123.26477814, 0),
(29, 'Home Grown Gardens', '4845 SE 3rd St', NULL, 'Corvallis', 37, 97330, '5417582137', 'http://homegrowngardens77.vpweb.com/', 44.51180267, -123.26898193, 0),
(31, 'Goodwill Industries ', '1325 NW 9th St', NULL, 'Corvallis', 37, 97330, '5417528278', 'http://www.goodwill.org/locator/', 44.57826233, -123.25963593, 0),
(32, 'Habitat for Humanity ReStore', '4840 SW Philomath Blvd', NULL, 'Corvallis', 37, 97330, '5417526637', 'http://bentonhabitat.org/', 44.55203247, -123.30587769, 0),
(33, 'Happy Trails Records, Tapes & CDs', '100 SW 3rd St', NULL, 'Corvallis', 37, 97330, '5417529032', 'http://www.corvallisbusiness.com/happytrails.html', 44.56425476, -123.26104736, 0),
(34, 'Heartland Humane Society ', '398 SW Twin Oaks Cir', NULL, 'Corvallis', 37, 97330, '5417579000', 'http://www.heartlandhumane.org/', 44.55315781, -123.26878357, 0),
(35, 'Home Life Inc (For Developmentally Disabled Individuals)', ' 2068 NW Fillmore', NULL, 'Corvallis', 37, 97330, '5417539015', 'http://homelifeinc.org/', 44.57542801, -123.27605438, 0),
(36, 'Jackson Street Youth Shelter', '555 NW Jackson St', NULL, 'Corvallis', 37, 97330, '5417542404', 'http://www.jsysi.org/', 44.56627274, -123.26304626, 0),
(37, 'Linn Benton Food Share (For Large Food Donations)', '545 SW 2nd', NULL, 'Corvallis', 37, 97330, '5417521010', 'http://communityservices.us/nutrition/detail/category/linn-benton-food-share/', 44.55927658, -123.26192474, 0),
(38, 'Lions Club (Using A Box Inside Elks Lodge)', '1400 NW 9th St', NULL, 'Corvallis', 37, 97330, '5417580222', 'http://www.e-clubhouse.org/sites/midvalley/', 44.58000946, -123.26043701, 0),
(39, 'Love INC (For Low Income Citizens)', '2330 NW Professional Dr #102', NULL, 'Corvallis', 37, 97330, '5417578111', 'http://www.yourloveinc.org/', 44.58998871, -123.27799988, 0),
(40, 'Mario Pastega House (Good Samaritan Patient Family Housing)', '3505 NW Samaritan Dr', NULL, 'Corvallis', 37, 97330, '5417684650', 'http://www.samhealth.org/locations/mariopastegahouse/Pages/default.aspx', 44.60397720, -123.25012970, 0),
(41, 'Mary''s River Gleaners (For Low Income Citizens)', 'Po Box 2309', NULL, 'Corvallis', 37, 97330, '5417521010', NULL, 44.63780975, -123.27503967, 0),
(42, 'Midway Farms (On Hwy 20 Between Corvallis & Albany)', '6980 US-20', NULL, 'Albany', 37, 97370, '5417406141', 'http://www.midwayfarmsoregon.com/', 0.00000000, 0.00000000, 0),
(43, 'Neighbor to Neighbor (Food Pantry)', '1123 Main, Philomath', NULL, 'Philomath', 37, 97370, '5419296614', NULL, 44.54108429, -123.36985016, 0),
(45, 'OSU Emergency Food Pantry', '2150 SW Jefferson Way', NULL, 'Corvallis', 37, 97330, '5417373473', 'http://studentlife.oregonstate.edu/hsrc/osu-emergency-food-pantry', 0.00000000, 0.00000000, 0),
(46, 'OSU Folk Club Thrift Shop', '144 NW 2nd St', NULL, 'Corvallis', 37, 97330, '5417524733', 'http://oregonstate.edu/osufolk/hours', 44.56499481, -123.25975037, 0),
(47, 'OSU Organic Growers Club (Crop & Soil Science Dept)', NULL, NULL, 'Corvallis', 37, 97330, '5417376810', 'http://cropandsoil.oregonstate.edu/organic_grower', NULL, NULL, 0),
(48, 'Pak Mail (Timberhill Shopping Center)', '2397 NW Kings Blvd', NULL, 'Corvallis', 37, 97330, '5417548411', 'http://www.pakmail.com/stores/pak-mail-corvallis/', 44.59074783, -123.27599335, 0),
(51, 'Philomath Community Garden (Chris Shonnard)', NULL, NULL, 'Corvallis', 37, 97330, '5419293524', 'http://philomathcommunityservices.org/', NULL, NULL, 0),
(52, 'Philomath Community Services (Food And Kids Items)', '360 S 9th', NULL, 'Philomath', 37, 97370, '5419292499', 'http://philomathcommunityservices.org/', 44.53768158, -123.37474060, 0),
(53, 'Play It Again Sports ', '1422 NW 9th St', NULL, 'Corvallis', 37, 97330, '5417547529', 'http://www.playitagainsportscorvallis.com/', 44.58074951, -123.26006317, 0),
(54, 'Presbyterian Piecemakers (Cotton Quilts)', '114 SW 8th St', NULL, 'Corvallis', 37, 97330, '5417537516', 'http://1stpres.org/', 44.56543350, -123.26696014, 0),
(55, 'Friends of the Public Library Corvallis', '645 NW Monroe Ave', NULL, 'Corvallis', 37, 97330, '5417666928', 'http://cbcpubliclibrary.net/', 44.56563568, -123.26441956, 0),
(56, 'Quilts From Caring Hands (Cotton Quilts)', '1495 NW 20th St,', NULL, 'Corvallis', 37, 97330, '5417588161', 'http://www.quiltsfromcaringhands.com/', 44.58114624, -123.27321625, 0),
(57, 'Rapid Refill Ink ', '254 SW Madison Ave', NULL, 'Corvallis', 37, 97330, '5417588444', 'http://www.rapidinkandtoner.com/oregon/corvallis-store-0107', 44.56321335, -123.26094055, 0),
(58, 'Revolve (Women''s Resale Boutique)', '103 SW 2nd St', NULL, 'Corvallis', 37, 97330, '5417541154', 'http://www.revolveresale.com/', 44.56394196, -123.25986481, 0),
(59, 'Schools (Public, Private, Charter)', NULL, NULL, 'Corvallis', 37, 97330, 'various', 'http://www.glanceagain.com/', NULL, NULL, 0),
(60, 'Second Glance', '312 SW 3rd Street', NULL, 'Corvallis', 37, 97330, '5417589099', 'http://www.glanceagain.com/', 44.56217575, -123.26210785, 0),
(61, 'The Annex', '214 SW Jefferson', NULL, 'Corvallis', 37, 97330, '5417589099', 'http://www.glanceagain.com/', 0.00000000, 0.00000000, 0),
(62, 'The Alley', '312 SW Jefferson', NULL, 'Corvallis', 37, 97330, '5417534069', 'http://www.glanceagain.com/2011/11/second-glance-alley/', 0.00000000, 0.00000000, 0),
(63, 'Senior Center of Corvallis', '2601 NW Tyler Ave', NULL, 'Corvallis', 37, 97330, '5417666959', 'http://www.corvallisoregon.gov/index.aspx?page=257', 44.57322311, -123.28006744, 0),
(64, 'South Corvallis Food Bank', '1798 SW 3rd St', NULL, 'Corvallis', 37, 97330, '5417534263', 'http://www.southcorvallisfoodbank.org/', 44.54801941, -123.26564789, 0),
(65, 'St. Vincent de Paul Food Bank', '501 NW 25 th Street', NULL, 'Corvallis', 37, 97330, '5417571988', NULL, 44.57316971, -123.27836609, 0),
(66, 'Stone Soup  (St Mary''s Church)', '501 NW 25th Street', NULL, 'Corvallis', 37, 97330, '5417571988', 'http://www.stonesoupcorvallis.org/about.html', 44.57316971, -123.27836609, 0),
(67, 'UPS Store ( Philomath)', '5060 SW Philomath Blvd', NULL, 'Corvallis', 37, 97330, '5417521830', 'https://corvallis-or-5088.theupsstorelocal.com/', 44.55183411, -123.30871582, 0),
(68, 'UPS Store (Corvallis)', '922 NW Circle Blvd #160', NULL, 'Corvallis', 37, 97330, '5417520056', 'https://corvallis-or-5088.theupsstorelocal.com/', 44.58813477, -123.25729370, 0),
(69, 'Vina Moses (For Low Income Citizens)', '968 NW Garfield Ave', NULL, 'Corvallis', 37, 97330, '5417531420', 'http://www.vinamoses.org/', 44.58293152, -123.26055908, 0),
(70, 'Spaeth Heritage House', '135 N 13th St', NULL, 'Philomath', 37, 97370, '5413070349', 'http://www.spaethlumber.com/main/home/main.aspx', 44.54053116, -123.36775970, 0),
(71, 'Book Binding', '108 SW 3rd St', NULL, 'Corvallis', 37, 97333, '5417579861', 'http://www.cornerstoneassociates.com/bj-bookbinding-about-us.html', 44.56419754, -123.26107788, 0),
(72, 'Cell Phone Sick Bay', '252 SW Madison Ave Suite 110', NULL, 'Corvallis', 37, 97333, '5412301785', 'http://www.cellsickbay.com/index.html', 44.56320953, -123.26093292, 0),
(73, 'Geeks ''N'' Nerds', '950 SE Geary St Unit D', NULL, 'Albany', 37, 97321, '5417530018', 'http://www.computergeeksnnerds.com/', 44.63270569, -123.08404541, 0),
(74, 'Specialty Sewing By Leslie', '225 SW Madison Ave', NULL, 'Corvallis', 37, 97333, '5417584556', 'http://www.specialtysewing.com/Leslie_Seamstress/Welcome.html', 44.56323624, -123.26068115, 0),
(75, 'Covallis Technical', '966 NW Circle Blvd', NULL, 'Corvallis', 37, 97333, '5417047009', 'http://www.corvallistechnical.com/', 44.58808517, -123.25887299, 0),
(76, 'Bellevue Computers', '1865 NW 9th St', NULL, 'Corvallis', 37, 97333, '5417573487', 'http://www.bellevuepc.com/', 44.58635330, -123.25621033, 0),
(77, 'OSU Repair Fair', '644 SW 13th St', NULL, 'Corvallis', 37, 97333, '5417375398', 'http://fa.oregonstate.edu/surplus/', 44.56140518, -123.27258301, 0),
(78, 'P.K. Furniture Repair & Refinishing', '5270 Corvallis-Newport Hwy', NULL, 'Corvallis', 37, 97333, '5412301727', 'http://www.pkfurniturerefinishing.net/', 0.00000000, 0.00000000, 0),
(79, 'Furniture Restoration Center', '1321 Main St', NULL, 'Philomath', 37, 97370, '5419296681', 'http://restorationsupplies.com/', 44.54015732, -123.36741638, 0),
(80, 'Power Equipment', '713 NE Circle Blvd', NULL, 'Corvallis', 37, 97330, '5417578075', 'https://corvallispowerequipment.stihldealer.net/', 44.58893585, -123.25012970, 0),
(81, 'Footwise', '301 SW Madison Ave #100', NULL, 'Corvallis', 37, 97333, '5417570875', 'http://footwise.com/', 44.56348038, -123.26158142, 0),
(82, 'Robnett''s', '400 SW 2nd St', NULL, 'Corvallis', 37, 97333, '5417535531', 'http://ww3.truevalue.com/robnetts/Home.aspx', 44.56103134, -123.26177216, 0),
(83, 'Sedlack', '225 SW 2nd St', NULL, 'Corvallis', 37, 97333, '5417521498', 'http://www.sedlaksshoes.net/', 44.56277466, -123.26045227, 0),
(84, 'Foam Man', '2511 NW 9th St', NULL, 'Corvallis', 37, 97333, '5417549378', 'http://www.thefoammancorvallis.com/', 44.59328079, -123.25234222, 0),
(97, 'Republic Services', '110 NE Walnut Blvd', NULL, 'Corvallis', 37, 97330, '5417540444', 'https://www.republicservices.com/residents/all-in-one-recycling', 44.59219360, -123.25038147, 1),
(98, 'First Alternative Coop South Store', '1007 SE 3rd St', NULL, 'Corvallis', 37, 97333, '5417533115', 'http://firstalt.coop/programs/recycling-center/', 44.55381012, -123.26457214, 1),
(106, 'Gray''s Furniture Repair', '834 Goldfish Farm Rd SE', NULL, 'Albany', NULL, 97321, '5419280455', 'http://www.graysfurniture.net/index.html', 44.63470459, -123.04837799, 0),
(107, 'testing', 'jlkjlkjk', NULL, 'corvallis', NULL, 97330, NULL, NULL, NULL, NULL, 0);

-- --------------------------------------------------------

--
-- Table structure for table `Reuse_Locations_Items`
--

CREATE TABLE IF NOT EXISTS `Reuse_Locations_Items` (
  `location_id` int(11) NOT NULL,
  `item_id` int(11) NOT NULL,
  `Type` int(11) DEFAULT NULL,
  `notes` varchar(255) DEFAULT NULL,
  PRIMARY KEY (`location_id`,`item_id`),
  KEY `item_id` (`item_id`),
  KEY `Type` (`Type`)
) ENGINE=InnoDB DEFAULT CHARSET=latin1;

--
-- Dumping data for table `Reuse_Locations_Items`
--

INSERT INTO `Reuse_Locations_Items` (`location_id`, `item_id`, `Type`, `notes`) VALUES
(1, 1, 0, NULL),
(1, 2, 0, NULL),
(1, 3, 0, NULL),
(1, 4, 0, NULL),
(1, 5, 0, NULL),
(1, 6, 0, NULL),
(1, 7, 0, NULL),
(1, 8, 0, NULL),
(1, 9, 0, NULL),
(1, 10, 0, NULL),
(1, 11, 0, NULL),
(1, 12, 0, NULL),
(1, 13, 0, NULL),
(1, 14, 0, NULL),
(1, 15, 0, NULL),
(1, 16, 0, NULL),
(1, 17, 0, NULL),
(1, 18, 0, NULL),
(1, 19, 0, NULL),
(1, 20, 0, NULL),
(1, 21, 0, NULL),
(1, 22, 0, NULL),
(1, 23, 0, NULL),
(1, 24, 0, NULL),
(1, 25, 0, NULL),
(1, 26, 0, NULL),
(1, 27, 0, NULL),
(1, 28, 0, NULL),
(1, 29, 0, NULL),
(1, 30, 0, NULL),
(1, 31, 0, NULL),
(1, 32, 0, NULL),
(1, 33, 0, NULL),
(1, 34, 0, NULL),
(1, 35, 0, NULL),
(1, 36, 0, NULL),
(1, 37, 0, NULL),
(1, 38, 0, NULL),
(1, 39, 0, NULL),
(1, 40, 0, NULL),
(1, 41, 0, NULL),
(1, 42, 0, NULL),
(1, 43, 0, NULL),
(1, 44, 0, NULL),
(1, 45, 0, NULL),
(1, 46, 0, NULL),
(1, 47, 0, NULL),
(1, 48, 0, NULL),
(1, 49, 0, NULL),
(1, 50, 0, NULL),
(1, 51, 0, NULL),
(1, 52, 0, NULL),
(1, 53, 0, NULL),
(1, 54, 0, NULL),
(1, 55, 0, NULL),
(1, 56, 0, NULL),
(1, 57, 0, NULL),
(1, 58, 0, NULL),
(1, 59, 0, NULL),
(1, 60, 0, NULL),
(1, 61, 0, NULL),
(1, 62, 0, NULL),
(1, 63, 0, NULL),
(1, 64, 0, NULL),
(1, 65, 0, NULL),
(1, 66, 0, NULL),
(1, 67, 0, NULL),
(1, 68, 0, NULL),
(1, 69, 0, NULL),
(1, 70, 0, NULL),
(1, 71, 0, NULL),
(1, 72, 0, NULL),
(1, 73, 0, NULL),
(1, 74, 0, NULL),
(1, 75, 0, NULL),
(1, 76, 0, NULL),
(1, 77, 0, NULL),
(1, 78, 0, NULL),
(1, 79, 0, NULL),
(1, 80, 0, NULL),
(1, 81, 0, NULL),
(1, 82, 0, NULL),
(1, 83, 0, NULL),
(1, 84, 0, NULL),
(1, 85, 0, NULL),
(1, 86, 0, NULL),
(1, 87, 0, NULL),
(1, 88, 0, NULL),
(1, 89, 0, NULL),
(1, 90, 0, NULL),
(1, 91, 0, NULL),
(1, 92, 0, NULL),
(1, 93, 0, NULL),
(1, 94, 0, NULL),
(1, 95, 0, NULL),
(1, 96, 0, NULL),
(1, 97, 0, NULL),
(1, 98, 0, NULL),
(1, 99, 0, NULL),
(1, 100, 0, NULL),
(1, 101, 0, NULL),
(1, 102, 0, NULL),
(1, 103, 0, NULL),
(1, 104, 0, NULL),
(1, 105, 0, NULL),
(1, 106, 0, NULL),
(1, 107, 0, NULL),
(1, 108, 0, NULL),
(1, 109, 0, NULL),
(1, 110, 0, NULL),
(1, 111, 0, NULL),
(1, 112, 0, NULL),
(1, 113, 0, NULL),
(1, 114, 0, NULL),
(1, 115, 0, NULL),
(1, 116, 0, NULL),
(1, 117, 0, NULL),
(1, 118, 0, NULL),
(1, 119, 0, NULL),
(1, 120, 0, NULL),
(1, 121, 0, NULL),
(1, 122, 0, NULL),
(1, 123, 0, NULL),
(1, 124, 0, NULL),
(1, 125, 0, NULL),
(1, 126, 0, NULL),
(1, 127, 0, NULL),
(1, 128, 0, NULL),
(1, 129, 0, NULL),
(1, 130, 0, NULL),
(1, 131, 0, NULL),
(1, 132, 0, NULL),
(1, 133, 0, NULL),
(1, 134, 0, NULL),
(1, 135, 0, NULL),
(1, 136, 0, NULL),
(1, 137, 0, NULL),
(1, 138, 0, NULL),
(1, 139, 0, NULL),
(1, 140, 0, NULL),
(1, 141, 0, NULL),
(1, 142, 0, NULL),
(1, 143, 0, NULL),
(1, 144, 0, NULL),
(1, 145, 0, NULL),
(1, 146, 0, NULL),
(1, 147, 0, NULL),
(1, 148, 0, NULL),
(1, 149, 0, NULL),
(1, 150, 0, NULL),
(1, 151, 0, NULL),
(1, 152, 0, NULL),
(1, 153, 0, NULL),
(1, 154, 0, NULL),
(1, 155, 0, NULL),
(1, 156, 0, NULL),
(1, 157, 0, NULL),
(1, 158, 0, NULL),
(1, 159, 0, NULL),
(1, 160, 0, NULL),
(1, 161, 0, NULL),
(1, 162, 0, NULL),
(1, 163, 0, NULL),
(1, 164, 0, NULL),
(1, 165, 0, NULL),
(1, 166, 0, NULL),
(1, 167, 0, NULL),
(1, 168, 0, NULL),
(1, 169, 0, NULL),
(1, 170, 0, NULL),
(1, 171, 0, NULL),
(1, 172, 0, NULL),
(1, 173, 0, NULL),
(1, 174, 0, NULL),
(1, 175, 0, NULL),
(1, 176, 0, NULL),
(1, 177, 0, NULL),
(2, 1, 0, NULL),
(2, 2, 0, NULL),
(2, 3, 0, NULL),
(2, 4, 0, NULL),
(2, 5, 0, NULL),
(2, 6, 0, NULL),
(2, 7, 0, NULL),
(2, 8, 0, NULL),
(2, 9, 0, NULL),
(2, 11, 0, NULL),
(2, 12, 0, NULL),
(2, 13, 0, NULL),
(2, 14, 0, NULL),
(2, 16, 0, NULL),
(2, 17, 0, NULL),
(2, 18, 0, NULL),
(2, 19, 0, NULL),
(2, 20, 0, NULL),
(2, 21, 0, NULL),
(2, 22, 0, NULL),
(2, 23, 0, NULL),
(2, 24, 0, NULL),
(2, 25, 0, NULL),
(2, 26, 0, NULL),
(2, 27, 0, NULL),
(2, 28, 0, NULL),
(2, 29, 0, NULL),
(2, 30, 0, NULL),
(2, 31, 0, NULL),
(2, 32, 0, NULL),
(2, 33, 0, NULL),
(2, 34, 0, NULL),
(2, 35, 0, NULL),
(2, 36, 0, NULL),
(2, 37, 0, NULL),
(2, 38, 0, NULL),
(2, 39, 0, NULL),
(2, 40, 0, NULL),
(2, 41, 0, NULL),
(2, 42, 0, NULL),
(2, 43, 0, NULL),
(2, 44, 0, NULL),
(2, 45, 0, NULL),
(2, 46, 0, NULL),
(2, 47, 0, NULL),
(2, 76, 0, NULL),
(2, 77, 0, NULL),
(2, 78, 0, NULL),
(2, 79, 0, NULL),
(2, 80, 0, NULL),
(2, 81, 0, NULL),
(2, 82, 0, NULL),
(2, 83, 0, NULL),
(2, 84, 0, NULL),
(2, 85, 0, NULL),
(2, 86, 0, NULL),
(2, 87, 0, NULL),
(2, 88, 0, NULL),
(2, 90, 0, NULL),
(2, 91, 0, NULL),
(2, 92, 0, NULL),
(2, 93, 0, NULL),
(2, 94, 0, NULL),
(2, 95, 0, NULL),
(2, 96, 0, NULL),
(2, 97, 0, NULL),
(2, 98, 0, NULL),
(2, 99, 0, NULL),
(2, 100, 0, NULL),
(2, 101, 0, NULL),
(2, 102, 0, NULL),
(2, 103, 0, NULL),
(2, 104, 0, NULL),
(2, 105, 0, NULL),
(2, 106, 0, NULL),
(2, 107, 0, NULL),
(2, 108, 0, NULL),
(2, 109, 0, NULL),
(2, 110, 0, NULL),
(2, 111, 0, NULL),
(2, 112, 0, NULL),
(2, 113, 0, NULL),
(2, 114, 0, NULL),
(2, 115, 0, NULL),
(2, 116, 0, NULL),
(2, 117, 0, NULL),
(2, 118, 0, NULL),
(2, 119, 0, NULL),
(2, 120, 0, NULL),
(2, 121, 0, NULL),
(2, 122, 0, NULL),
(2, 123, 0, NULL),
(2, 124, 0, NULL),
(2, 125, 0, NULL),
(2, 126, 0, NULL),
(2, 127, 0, NULL),
(2, 128, 0, NULL),
(2, 129, 0, NULL),
(2, 130, 0, NULL),
(2, 131, 0, NULL),
(2, 132, 0, NULL),
(2, 133, 0, NULL),
(2, 134, 0, NULL),
(2, 135, 0, NULL),
(2, 136, 0, NULL),
(2, 137, 0, NULL),
(2, 138, 0, NULL),
(2, 143, 0, NULL),
(2, 144, 0, NULL),
(2, 145, 0, NULL),
(2, 146, 0, NULL),
(2, 148, 0, NULL),
(2, 149, 0, NULL),
(2, 150, 0, NULL),
(2, 151, 0, NULL),
(2, 152, 0, NULL),
(2, 153, 0, NULL),
(2, 154, 0, NULL),
(2, 155, 0, NULL),
(2, 156, 0, NULL),
(2, 157, 0, NULL),
(2, 158, 0, NULL),
(2, 159, 0, NULL),
(2, 160, 0, NULL),
(2, 161, 0, NULL),
(2, 163, 0, NULL),
(2, 164, 0, NULL),
(2, 165, 0, NULL),
(2, 171, 0, NULL),
(2, 172, 0, NULL),
(2, 173, 0, NULL),
(2, 174, 0, NULL),
(2, 175, 0, NULL),
(2, 177, 0, NULL),
(3, 1, 0, NULL),
(3, 2, 0, NULL),
(3, 3, 0, NULL),
(3, 4, 0, NULL),
(3, 5, 0, NULL),
(3, 6, 0, NULL),
(3, 7, 0, NULL),
(3, 8, 0, NULL),
(3, 9, 0, NULL),
(3, 11, 0, NULL),
(3, 12, 0, NULL),
(3, 13, 0, NULL),
(3, 14, 0, NULL),
(3, 16, 0, NULL),
(3, 17, 0, NULL),
(3, 18, 0, NULL),
(3, 19, 0, NULL),
(3, 20, 0, NULL),
(3, 21, 0, NULL),
(3, 22, 0, NULL),
(3, 23, 0, NULL),
(3, 24, 0, NULL),
(3, 25, 0, NULL),
(3, 26, 0, NULL),
(3, 27, 0, NULL),
(3, 28, 0, NULL),
(3, 29, 0, NULL),
(3, 30, 0, NULL),
(3, 31, 0, NULL),
(3, 32, 0, NULL),
(3, 33, 0, NULL),
(3, 34, 0, NULL),
(3, 35, 0, NULL),
(3, 36, 0, NULL),
(3, 37, 0, NULL),
(3, 38, 0, NULL),
(3, 39, 0, NULL),
(3, 40, 0, NULL),
(3, 41, 0, NULL),
(3, 42, 0, NULL),
(3, 43, 0, NULL),
(3, 44, 0, NULL),
(3, 45, 0, NULL),
(3, 46, 0, NULL),
(3, 47, 0, NULL),
(3, 76, 0, NULL),
(3, 77, 0, NULL),
(3, 78, 0, NULL),
(3, 79, 0, NULL),
(3, 80, 0, NULL),
(3, 81, 0, NULL),
(3, 82, 0, NULL),
(3, 83, 0, NULL),
(3, 84, 0, NULL),
(3, 85, 0, NULL),
(3, 86, 0, NULL),
(3, 87, 0, NULL),
(3, 88, 0, NULL),
(3, 90, 0, NULL),
(3, 91, 0, NULL),
(3, 92, 0, NULL),
(3, 93, 0, NULL),
(3, 94, 0, NULL),
(3, 95, 0, NULL),
(3, 96, 0, NULL),
(3, 97, 0, NULL),
(3, 98, 0, NULL),
(3, 99, 0, NULL),
(3, 100, 0, NULL),
(3, 101, 0, NULL),
(3, 102, 0, NULL),
(3, 103, 0, NULL),
(3, 104, 0, NULL),
(3, 105, 0, NULL),
(3, 106, 0, NULL),
(3, 107, 0, NULL),
(3, 108, 0, NULL),
(3, 109, 0, NULL),
(3, 110, 0, NULL),
(3, 111, 0, NULL),
(3, 112, 0, NULL),
(3, 113, 0, NULL),
(3, 114, 0, NULL),
(3, 115, 0, NULL),
(3, 116, 0, NULL),
(3, 117, 0, NULL),
(3, 118, 0, NULL),
(3, 119, 0, NULL),
(3, 120, 0, NULL),
(3, 121, 0, NULL),
(3, 122, 0, NULL),
(3, 123, 0, NULL),
(3, 124, 0, NULL),
(3, 125, 0, NULL),
(3, 126, 0, NULL),
(3, 127, 0, NULL),
(3, 128, 0, NULL),
(3, 129, 0, NULL),
(3, 130, 0, NULL),
(3, 131, 0, NULL),
(3, 132, 0, NULL),
(3, 133, 0, NULL),
(3, 134, 0, NULL),
(3, 135, 0, NULL),
(3, 136, 0, NULL),
(3, 137, 0, NULL),
(3, 138, 0, NULL),
(3, 143, 0, NULL),
(3, 144, 0, NULL),
(3, 145, 0, NULL),
(3, 146, 0, NULL),
(3, 148, 0, NULL),
(3, 149, 0, NULL),
(3, 150, 0, NULL),
(3, 151, 0, NULL),
(3, 152, 0, NULL),
(3, 153, 0, NULL),
(3, 154, 0, NULL),
(3, 155, 0, NULL),
(3, 156, 0, NULL),
(3, 157, 0, NULL),
(3, 158, 0, NULL),
(3, 159, 0, NULL),
(3, 160, 0, NULL),
(3, 161, 0, NULL),
(3, 163, 0, NULL),
(3, 164, 0, NULL),
(3, 165, 0, NULL),
(3, 171, 0, NULL),
(3, 172, 0, NULL),
(3, 173, 0, NULL),
(3, 174, 0, NULL),
(3, 175, 0, NULL),
(3, 177, 0, NULL),
(5, 1, 0, NULL),
(5, 9, 0, NULL),
(5, 23, 0, NULL),
(5, 30, 0, NULL),
(5, 38, 0, NULL),
(6, 3, 0, NULL),
(6, 125, 0, NULL),
(6, 126, 0, NULL),
(6, 127, 0, NULL),
(6, 128, 0, NULL),
(6, 129, 0, NULL),
(6, 130, 0, NULL),
(6, 131, 0, NULL),
(6, 132, 0, NULL),
(6, 133, 0, NULL),
(6, 134, 0, NULL),
(6, 135, 0, NULL),
(6, 136, 0, NULL),
(6, 137, 0, NULL),
(6, 138, 0, NULL),
(7, 3, 0, NULL),
(7, 27, 0, NULL),
(7, 88, 0, NULL),
(9, 1, 0, NULL),
(9, 3, 0, NULL),
(9, 9, 0, NULL),
(9, 11, 0, NULL),
(9, 23, 0, NULL),
(9, 38, 0, NULL),
(9, 90, 0, NULL),
(9, 106, 0, NULL),
(9, 107, 0, NULL),
(9, 108, 0, NULL),
(9, 109, 0, NULL),
(9, 110, 0, NULL),
(9, 111, 0, NULL),
(9, 112, 0, NULL),
(9, 113, 0, NULL),
(9, 114, 0, NULL),
(9, 115, 0, NULL),
(9, 116, 0, NULL),
(9, 117, 0, NULL),
(9, 118, 0, NULL),
(9, 119, 0, NULL),
(9, 120, 0, NULL),
(9, 121, 0, NULL),
(9, 122, 0, NULL),
(9, 123, 0, NULL),
(9, 124, 0, NULL),
(9, 156, 0, NULL),
(12, 1, 0, NULL),
(12, 2, 0, NULL),
(12, 3, 0, NULL),
(12, 4, 0, NULL),
(12, 5, 0, NULL),
(12, 6, 0, NULL),
(12, 7, 0, NULL),
(12, 8, 0, NULL),
(12, 9, 0, NULL),
(12, 12, 0, NULL),
(12, 13, 0, NULL),
(12, 14, 0, NULL),
(12, 16, 0, NULL),
(12, 41, 0, NULL),
(12, 42, 0, NULL),
(12, 43, 0, NULL),
(12, 44, 0, NULL),
(12, 45, 0, NULL),
(12, 46, 0, NULL),
(12, 47, 0, NULL),
(12, 84, 0, NULL),
(12, 85, 0, NULL),
(12, 86, 0, NULL),
(12, 87, 0, NULL),
(12, 88, 0, NULL),
(12, 89, 0, NULL),
(12, 90, 0, NULL),
(12, 91, 0, NULL),
(12, 92, 0, NULL),
(12, 93, 0, NULL),
(12, 94, 0, NULL),
(12, 95, 0, NULL),
(12, 96, 0, NULL),
(12, 97, 0, NULL),
(12, 98, 0, NULL),
(12, 99, 0, NULL),
(12, 100, 0, NULL),
(12, 101, 0, NULL),
(12, 102, 0, NULL),
(12, 103, 0, NULL),
(12, 104, 0, NULL),
(12, 105, 0, NULL),
(12, 139, 0, NULL),
(12, 140, 0, NULL),
(12, 141, 0, NULL),
(12, 142, 0, NULL),
(13, 76, 0, NULL),
(13, 77, 0, NULL),
(13, 78, 0, NULL),
(13, 79, 0, NULL),
(13, 80, 0, NULL),
(13, 81, 0, NULL),
(13, 82, 0, NULL),
(13, 83, 0, NULL),
(15, 1, 0, NULL),
(15, 11, 0, NULL),
(15, 23, 0, NULL),
(15, 24, 0, NULL),
(15, 25, 0, NULL),
(15, 26, 0, NULL),
(15, 27, 0, NULL),
(15, 28, 0, NULL),
(15, 29, 0, NULL),
(15, 30, 0, NULL),
(15, 31, 0, NULL),
(15, 32, 0, NULL),
(15, 33, 0, NULL),
(15, 34, 0, NULL),
(15, 35, 0, NULL),
(15, 36, 0, NULL),
(15, 37, 0, NULL),
(15, 38, 0, NULL),
(15, 39, 0, NULL),
(15, 40, 0, NULL),
(15, 41, 0, NULL),
(15, 42, 0, NULL),
(15, 43, 0, NULL),
(15, 44, 0, NULL),
(15, 45, 0, NULL),
(15, 46, 0, NULL),
(15, 47, 0, NULL),
(15, 53, 0, NULL),
(15, 54, 0, NULL),
(15, 55, 0, NULL),
(15, 56, 0, NULL),
(15, 57, 0, NULL),
(15, 58, 0, NULL),
(15, 59, 0, NULL),
(15, 60, 0, NULL),
(15, 61, 0, NULL),
(15, 62, 0, NULL),
(15, 63, 0, NULL),
(15, 64, 0, NULL),
(15, 65, 0, NULL),
(15, 66, 0, NULL),
(15, 67, 0, NULL),
(15, 68, 0, NULL),
(15, 69, 0, NULL),
(15, 70, 0, NULL),
(15, 71, 0, NULL),
(15, 72, 0, NULL),
(15, 73, 0, NULL),
(15, 74, 0, NULL),
(15, 75, 0, NULL),
(15, 76, 0, NULL),
(15, 77, 0, NULL),
(15, 78, 0, NULL),
(15, 79, 0, NULL),
(15, 80, 0, NULL),
(15, 81, 0, NULL),
(15, 82, 0, NULL),
(15, 83, 0, NULL),
(15, 84, 0, NULL),
(15, 85, 0, NULL),
(15, 86, 0, NULL),
(15, 87, 0, NULL),
(15, 88, 0, NULL),
(15, 89, 0, NULL),
(15, 91, 0, NULL),
(15, 92, 0, NULL),
(15, 93, 0, NULL),
(15, 94, 0, NULL),
(15, 95, 0, NULL),
(15, 96, 0, NULL),
(15, 97, 0, NULL),
(15, 98, 0, NULL),
(15, 99, 0, NULL),
(15, 100, 0, NULL),
(15, 101, 0, NULL),
(15, 102, 0, NULL),
(15, 103, 0, NULL),
(15, 104, 0, NULL),
(15, 105, 0, NULL),
(15, 106, 0, NULL),
(15, 107, 0, NULL),
(15, 108, 0, NULL),
(15, 109, 0, NULL),
(15, 110, 0, NULL),
(15, 111, 0, NULL),
(15, 112, 0, NULL),
(15, 113, 0, NULL),
(15, 114, 0, NULL),
(15, 115, 0, NULL),
(15, 116, 0, NULL),
(15, 117, 0, NULL),
(15, 118, 0, NULL),
(15, 119, 0, NULL),
(15, 120, 0, NULL),
(15, 121, 0, NULL),
(15, 122, 0, NULL),
(15, 123, 0, NULL),
(15, 124, 0, NULL),
(15, 125, 0, NULL),
(15, 126, 0, NULL),
(15, 127, 0, NULL),
(15, 128, 0, NULL),
(15, 129, 0, NULL),
(15, 130, 0, NULL),
(15, 131, 0, NULL),
(15, 132, 0, NULL),
(15, 133, 0, NULL),
(15, 134, 0, NULL),
(15, 135, 0, NULL),
(15, 136, 0, NULL),
(15, 137, 0, NULL),
(15, 138, 0, NULL),
(15, 155, 0, NULL),
(15, 158, 0, NULL),
(15, 160, 0, NULL),
(15, 161, 0, NULL),
(15, 163, 0, NULL),
(15, 164, 0, NULL),
(15, 165, 0, NULL),
(16, 17, 0, NULL),
(16, 18, 0, NULL),
(16, 19, 0, NULL),
(16, 20, 0, NULL),
(16, 21, 0, NULL),
(16, 22, 0, NULL),
(16, 53, 0, NULL),
(16, 54, 0, NULL),
(16, 55, 0, NULL),
(16, 56, 0, NULL),
(16, 57, 0, NULL),
(16, 58, 0, NULL),
(16, 59, 0, NULL),
(16, 60, 0, NULL),
(16, 61, 0, NULL),
(16, 62, 0, NULL),
(16, 63, 0, NULL),
(16, 64, 0, NULL),
(16, 65, 0, NULL),
(16, 66, 0, NULL),
(16, 67, 0, NULL),
(16, 68, 0, NULL),
(16, 69, 0, NULL),
(16, 70, 0, NULL),
(16, 71, 0, NULL),
(16, 72, 0, NULL),
(16, 73, 0, NULL),
(16, 74, 0, NULL),
(16, 75, 0, NULL),
(16, 125, 0, NULL),
(16, 126, 0, NULL),
(16, 128, 0, NULL),
(16, 129, 0, NULL),
(16, 130, 0, NULL),
(16, 131, 0, NULL),
(16, 132, 0, NULL),
(16, 133, 0, NULL),
(16, 134, 0, NULL),
(16, 135, 0, NULL),
(16, 136, 0, NULL),
(16, 137, 0, NULL),
(16, 138, 0, NULL),
(16, 140, 0, NULL),
(16, 143, 0, NULL),
(16, 144, 0, NULL),
(16, 145, 0, NULL),
(16, 146, 0, NULL),
(16, 147, 0, NULL),
(16, 148, 0, NULL),
(16, 149, 0, NULL),
(16, 150, 0, NULL),
(16, 151, 0, NULL),
(16, 152, 0, NULL),
(16, 153, 0, NULL),
(16, 154, 0, NULL),
(17, 1, 0, NULL),
(17, 15, 0, NULL),
(17, 17, 0, NULL),
(17, 18, 0, NULL),
(17, 19, 0, NULL),
(17, 20, 0, NULL),
(17, 21, 0, NULL),
(17, 22, 0, NULL),
(17, 38, 0, NULL),
(17, 139, 0, NULL),
(17, 140, 0, NULL),
(17, 141, 0, NULL),
(17, 142, 0, NULL),
(18, 1, 0, NULL),
(18, 38, 0, NULL),
(18, 89, 0, NULL),
(18, 127, 0, NULL),
(18, 155, 0, NULL),
(18, 156, 0, NULL),
(18, 157, 0, NULL),
(18, 158, 0, NULL),
(18, 159, 0, NULL),
(18, 160, 0, NULL),
(18, 161, 0, NULL),
(18, 163, 0, NULL),
(18, 164, 0, NULL),
(18, 165, 0, NULL),
(19, 109, 0, NULL),
(20, 1, 0, NULL),
(20, 2, 0, NULL),
(20, 3, 0, NULL),
(20, 4, 0, NULL),
(20, 5, 0, NULL),
(20, 6, 0, NULL),
(20, 7, 0, NULL),
(20, 8, 0, NULL),
(20, 9, 0, NULL),
(20, 10, 0, NULL),
(20, 11, 0, NULL),
(20, 12, 0, NULL),
(20, 13, 0, NULL),
(20, 14, 0, NULL),
(20, 16, 0, NULL),
(20, 160, 0, NULL),
(23, 1, 0, NULL),
(23, 2, 0, NULL),
(23, 3, 0, NULL),
(23, 4, 0, NULL),
(23, 5, 0, NULL),
(23, 6, 0, NULL),
(23, 7, 0, NULL),
(23, 8, 0, NULL),
(23, 9, 0, NULL),
(23, 10, 0, NULL),
(23, 11, 0, NULL),
(23, 12, 0, NULL),
(23, 13, 0, NULL),
(23, 14, 0, NULL),
(23, 15, 0, NULL),
(23, 16, 0, NULL),
(23, 17, 0, NULL),
(23, 18, 0, NULL),
(23, 19, 0, NULL),
(23, 20, 0, NULL),
(23, 21, 0, NULL),
(23, 22, 0, NULL),
(23, 23, 0, NULL),
(23, 24, 0, NULL),
(23, 25, 0, NULL),
(23, 26, 0, NULL),
(23, 27, 0, NULL),
(23, 28, 0, NULL),
(23, 29, 0, NULL),
(23, 30, 0, NULL),
(23, 31, 0, NULL),
(23, 32, 0, NULL),
(23, 33, 0, NULL),
(23, 34, 0, NULL),
(23, 35, 0, NULL),
(23, 36, 0, NULL),
(23, 37, 0, NULL),
(23, 38, 0, NULL),
(23, 39, 0, NULL),
(23, 40, 0, NULL),
(23, 41, 0, NULL),
(23, 42, 0, NULL),
(23, 43, 0, NULL),
(23, 44, 0, NULL),
(23, 45, 0, NULL),
(23, 46, 0, NULL),
(23, 47, 0, NULL),
(23, 48, 0, NULL),
(23, 49, 0, NULL),
(23, 50, 0, NULL),
(23, 51, 0, NULL),
(23, 52, 0, NULL),
(23, 53, 0, NULL),
(23, 54, 0, NULL),
(23, 55, 0, NULL),
(23, 56, 0, NULL),
(23, 57, 0, NULL),
(23, 58, 0, NULL),
(23, 59, 0, NULL),
(23, 60, 0, NULL),
(23, 61, 0, NULL),
(23, 62, 0, NULL),
(23, 63, 0, NULL),
(23, 64, 0, NULL),
(23, 65, 0, NULL),
(23, 66, 0, NULL),
(23, 67, 0, NULL),
(23, 68, 0, NULL),
(23, 69, 0, NULL),
(23, 70, 0, NULL),
(23, 71, 0, NULL),
(23, 72, 0, NULL),
(23, 73, 0, NULL),
(23, 74, 0, NULL),
(23, 75, 0, NULL),
(23, 76, 0, NULL),
(23, 77, 0, NULL),
(23, 78, 0, NULL),
(23, 79, 0, NULL),
(23, 80, 0, NULL),
(23, 81, 0, NULL),
(23, 82, 0, NULL),
(23, 83, 0, NULL),
(23, 84, 0, NULL),
(23, 85, 0, NULL),
(23, 86, 0, NULL),
(23, 87, 0, NULL),
(23, 88, 0, NULL),
(23, 89, 0, NULL),
(23, 90, 0, NULL),
(23, 91, 0, NULL),
(23, 92, 0, NULL),
(23, 93, 0, NULL),
(23, 94, 0, NULL),
(23, 95, 0, NULL),
(23, 96, 0, NULL),
(23, 97, 0, NULL),
(23, 98, 0, NULL),
(23, 99, 0, NULL),
(23, 100, 0, NULL),
(23, 101, 0, NULL),
(23, 102, 0, NULL),
(23, 103, 0, NULL),
(23, 104, 0, NULL),
(23, 105, 0, NULL),
(23, 106, 0, NULL),
(23, 107, 0, NULL),
(23, 108, 0, NULL),
(23, 109, 0, NULL),
(23, 110, 0, NULL),
(23, 111, 0, NULL),
(23, 112, 0, NULL),
(23, 113, 0, NULL),
(23, 114, 0, NULL),
(23, 115, 0, NULL),
(23, 116, 0, NULL),
(23, 117, 0, NULL),
(23, 118, 0, NULL),
(23, 119, 0, NULL),
(23, 120, 0, NULL),
(23, 121, 0, NULL),
(23, 122, 0, NULL),
(23, 123, 0, NULL),
(23, 124, 0, NULL),
(23, 125, 0, NULL),
(23, 126, 0, NULL),
(23, 127, 0, NULL),
(23, 128, 0, NULL),
(23, 129, 0, NULL),
(23, 130, 0, NULL),
(23, 131, 0, NULL),
(23, 132, 0, NULL),
(23, 133, 0, NULL),
(23, 134, 0, NULL),
(23, 135, 0, NULL),
(23, 136, 0, NULL),
(23, 137, 0, NULL),
(23, 138, 0, NULL),
(23, 139, 0, NULL),
(23, 140, 0, NULL),
(23, 141, 0, NULL),
(23, 142, 0, NULL),
(23, 143, 0, NULL),
(23, 144, 0, NULL),
(23, 145, 0, NULL),
(23, 146, 0, NULL),
(23, 147, 0, NULL),
(23, 148, 0, NULL),
(23, 149, 0, NULL),
(23, 150, 0, NULL),
(23, 151, 0, NULL),
(23, 152, 0, NULL),
(23, 153, 0, NULL),
(23, 154, 0, NULL),
(23, 155, 0, NULL),
(23, 156, 0, NULL),
(23, 157, 0, NULL),
(23, 158, 0, NULL),
(23, 159, 0, NULL),
(23, 160, 0, NULL),
(23, 161, 0, NULL),
(23, 163, 0, NULL),
(23, 164, 0, NULL),
(23, 165, 0, NULL),
(23, 166, 0, NULL),
(23, 167, 0, NULL),
(23, 168, 0, NULL),
(23, 169, 0, NULL),
(23, 170, 0, NULL),
(23, 171, 0, NULL),
(23, 172, 0, NULL),
(23, 173, 0, NULL),
(23, 174, 0, NULL),
(23, 175, 0, NULL),
(23, 176, 0, NULL),
(23, 177, 0, NULL),
(24, 127, 0, NULL),
(25, 10, 0, NULL),
(25, 89, 0, NULL),
(25, 141, 0, NULL),
(25, 142, 0, NULL),
(25, 147, 0, NULL),
(25, 169, 0, NULL),
(25, 172, 0, NULL),
(26, 10, 0, NULL),
(26, 89, 0, NULL),
(26, 141, 0, NULL),
(26, 142, 0, NULL),
(26, 147, 0, NULL),
(26, 169, 0, NULL),
(26, 172, 0, NULL),
(27, 2, 0, NULL),
(27, 4, 0, NULL),
(27, 5, 0, NULL),
(27, 6, 0, NULL),
(27, 7, 0, NULL),
(27, 8, 0, NULL),
(27, 9, 0, NULL),
(27, 11, 0, NULL),
(27, 12, 0, NULL),
(27, 13, 0, NULL),
(27, 14, 0, NULL),
(27, 16, 0, NULL),
(27, 160, 0, NULL),
(28, 2, 0, NULL),
(28, 4, 0, NULL),
(28, 5, 0, NULL),
(28, 6, 0, NULL),
(28, 7, 0, NULL),
(28, 8, 0, NULL),
(28, 9, 0, NULL),
(28, 11, 0, NULL),
(28, 12, 0, NULL),
(28, 13, 0, NULL),
(28, 14, 0, NULL),
(28, 16, 0, NULL),
(28, 17, 0, NULL),
(28, 18, 0, NULL),
(28, 19, 0, NULL),
(28, 20, 0, NULL),
(28, 21, 0, NULL),
(28, 22, 0, NULL),
(28, 41, 0, NULL),
(28, 42, 0, NULL),
(28, 43, 0, NULL),
(28, 44, 0, NULL),
(28, 45, 0, NULL),
(28, 46, 0, NULL),
(28, 47, 0, NULL),
(28, 48, 0, NULL),
(28, 49, 0, NULL),
(28, 50, 0, NULL),
(28, 51, 0, NULL),
(28, 52, 0, NULL),
(28, 84, 0, NULL),
(28, 85, 0, NULL),
(28, 86, 0, NULL),
(28, 87, 0, NULL),
(28, 91, 0, NULL),
(28, 92, 0, NULL),
(28, 93, 0, NULL),
(28, 94, 0, NULL),
(28, 95, 0, NULL),
(28, 97, 0, NULL),
(28, 98, 0, NULL),
(28, 99, 0, NULL),
(28, 100, 0, NULL),
(28, 101, 0, NULL),
(28, 102, 0, NULL),
(28, 103, 0, NULL),
(28, 104, 0, NULL),
(28, 105, 0, NULL),
(28, 160, 0, NULL),
(29, 128, 0, NULL),
(31, 1, 0, NULL),
(31, 2, 0, NULL),
(31, 3, 0, NULL),
(31, 4, 0, NULL),
(31, 5, 0, NULL),
(31, 6, 0, NULL),
(31, 7, 0, NULL),
(31, 8, 0, NULL),
(31, 9, 0, NULL),
(31, 10, 0, NULL),
(31, 11, 0, NULL),
(31, 12, 0, NULL),
(31, 13, 0, NULL),
(31, 14, 0, NULL),
(31, 15, 0, NULL),
(31, 16, 0, NULL),
(31, 17, 0, NULL),
(31, 18, 0, NULL),
(31, 19, 0, NULL),
(31, 20, 0, NULL),
(31, 21, 0, NULL),
(31, 22, 0, NULL),
(31, 23, 0, NULL),
(31, 24, 0, NULL),
(31, 25, 0, NULL),
(31, 26, 0, NULL),
(31, 27, 0, NULL),
(31, 28, 0, NULL),
(31, 29, 0, NULL),
(31, 30, 0, NULL),
(31, 31, 0, NULL),
(31, 32, 0, NULL),
(31, 33, 0, NULL),
(31, 34, 0, NULL),
(31, 35, 0, NULL),
(31, 36, 0, NULL),
(31, 37, 0, NULL),
(31, 38, 0, NULL),
(31, 39, 0, NULL),
(31, 40, 0, NULL),
(31, 41, 0, NULL),
(31, 42, 0, NULL),
(31, 43, 0, NULL),
(31, 44, 0, NULL),
(31, 45, 0, NULL),
(31, 46, 0, NULL),
(31, 47, 0, NULL),
(31, 48, 0, NULL),
(31, 49, 0, NULL),
(31, 50, 0, NULL),
(31, 51, 0, NULL),
(31, 52, 0, NULL),
(31, 53, 0, NULL),
(31, 54, 0, NULL),
(31, 55, 0, NULL),
(31, 56, 0, NULL),
(31, 57, 0, NULL),
(31, 58, 0, NULL),
(31, 59, 0, NULL),
(31, 60, 0, NULL),
(31, 61, 0, NULL),
(31, 62, 0, NULL),
(31, 63, 0, NULL),
(31, 64, 0, NULL),
(31, 65, 0, NULL),
(31, 66, 0, NULL),
(31, 67, 0, NULL),
(31, 68, 0, NULL),
(31, 69, 0, NULL),
(31, 70, 0, NULL),
(31, 71, 0, NULL),
(31, 72, 0, NULL),
(31, 73, 0, NULL),
(31, 74, 0, NULL),
(31, 75, 0, NULL),
(31, 76, 0, NULL),
(31, 77, 0, NULL),
(31, 78, 0, NULL),
(31, 79, 0, NULL),
(31, 80, 0, NULL),
(31, 81, 0, NULL),
(31, 82, 0, NULL),
(31, 83, 0, NULL),
(31, 84, 0, NULL),
(31, 85, 0, NULL),
(31, 86, 0, NULL),
(31, 87, 0, NULL),
(31, 88, 0, NULL),
(31, 90, 0, NULL),
(31, 91, 0, NULL),
(31, 92, 0, NULL),
(31, 93, 0, NULL),
(31, 94, 0, NULL),
(31, 95, 0, NULL),
(31, 96, 0, NULL),
(31, 97, 0, NULL),
(31, 98, 0, NULL),
(31, 99, 0, NULL),
(31, 100, 0, NULL),
(31, 101, 0, NULL),
(31, 102, 0, NULL),
(31, 103, 0, NULL),
(31, 104, 0, NULL),
(31, 105, 0, NULL),
(31, 106, 0, NULL),
(31, 107, 0, NULL),
(31, 108, 0, NULL),
(31, 109, 0, NULL),
(31, 110, 0, NULL),
(31, 111, 0, NULL),
(31, 112, 0, NULL),
(31, 113, 0, NULL),
(31, 114, 0, NULL),
(31, 115, 0, NULL),
(31, 116, 0, NULL),
(31, 117, 0, NULL),
(31, 118, 0, NULL),
(31, 119, 0, NULL),
(31, 120, 0, NULL),
(31, 121, 0, NULL),
(31, 122, 0, NULL),
(31, 123, 0, NULL),
(31, 124, 0, NULL),
(31, 125, 0, NULL),
(31, 126, 0, NULL),
(31, 127, 0, NULL),
(31, 128, 0, NULL),
(31, 129, 0, NULL),
(31, 130, 0, NULL),
(31, 131, 0, NULL),
(31, 132, 0, NULL),
(31, 133, 0, NULL),
(31, 134, 0, NULL),
(31, 135, 0, NULL),
(31, 136, 0, NULL),
(31, 137, 0, NULL),
(31, 138, 0, NULL),
(31, 143, 0, NULL),
(31, 144, 0, NULL),
(31, 145, 0, NULL),
(31, 146, 0, NULL),
(31, 147, 0, NULL),
(31, 148, 0, NULL),
(31, 149, 0, NULL),
(31, 150, 0, NULL),
(31, 151, 0, NULL),
(31, 152, 0, NULL),
(31, 153, 0, NULL),
(31, 154, 0, NULL),
(31, 155, 0, NULL),
(31, 156, 0, NULL),
(31, 157, 0, NULL),
(31, 158, 0, NULL),
(31, 159, 0, NULL),
(31, 160, 0, NULL),
(31, 161, 0, NULL),
(31, 163, 0, NULL),
(31, 164, 0, NULL),
(31, 165, 0, NULL),
(31, 171, 0, NULL),
(31, 173, 0, NULL),
(31, 174, 0, NULL),
(31, 175, 0, NULL),
(31, 177, 0, NULL),
(32, 1, 0, NULL),
(32, 2, 0, NULL),
(32, 4, 0, NULL),
(32, 5, 0, NULL),
(32, 6, 0, NULL),
(32, 7, 0, NULL),
(32, 8, 0, NULL),
(32, 9, 0, NULL),
(32, 11, 0, NULL),
(32, 12, 0, NULL),
(32, 13, 0, NULL),
(32, 14, 0, NULL),
(32, 16, 0, NULL),
(32, 41, 0, NULL),
(32, 42, 0, NULL),
(32, 43, 0, NULL),
(32, 44, 0, NULL),
(32, 45, 0, NULL),
(32, 46, 0, NULL),
(32, 47, 0, NULL),
(32, 48, 0, NULL),
(32, 49, 0, NULL),
(32, 50, 0, NULL),
(32, 51, 0, NULL),
(32, 52, 0, NULL),
(32, 53, 0, NULL),
(32, 54, 0, NULL),
(32, 55, 0, NULL),
(32, 56, 0, NULL),
(32, 57, 0, NULL),
(32, 58, 0, NULL),
(32, 59, 0, NULL),
(32, 60, 0, NULL),
(32, 61, 0, NULL),
(32, 62, 0, NULL),
(32, 63, 0, NULL),
(32, 64, 0, NULL),
(32, 65, 0, NULL),
(32, 66, 0, NULL),
(32, 67, 0, NULL),
(32, 68, 0, NULL),
(32, 69, 0, NULL),
(32, 70, 0, NULL),
(32, 71, 0, NULL),
(32, 72, 0, NULL),
(32, 73, 0, NULL),
(32, 74, 0, NULL),
(32, 75, 0, NULL),
(32, 84, 0, NULL),
(32, 85, 0, NULL),
(32, 86, 0, NULL),
(32, 87, 0, NULL),
(32, 88, 0, NULL),
(32, 90, 0, NULL),
(32, 91, 0, NULL),
(32, 92, 0, NULL),
(32, 93, 0, NULL),
(32, 94, 0, NULL),
(32, 95, 0, NULL),
(32, 96, 0, NULL),
(32, 97, 0, NULL),
(32, 98, 0, NULL),
(32, 99, 0, NULL),
(32, 100, 0, NULL),
(32, 101, 0, NULL),
(32, 102, 0, NULL),
(32, 103, 0, NULL),
(32, 104, 0, NULL),
(32, 105, 0, NULL),
(32, 106, 0, NULL),
(32, 107, 0, NULL),
(32, 108, 0, NULL),
(32, 109, 0, NULL),
(32, 110, 0, NULL),
(32, 111, 0, NULL),
(32, 112, 0, NULL),
(32, 113, 0, NULL),
(32, 114, 0, NULL),
(32, 115, 0, NULL),
(32, 116, 0, NULL),
(32, 117, 0, NULL),
(32, 118, 0, NULL),
(32, 119, 0, NULL),
(32, 120, 0, NULL),
(32, 121, 0, NULL),
(32, 122, 0, NULL),
(32, 123, 0, NULL),
(32, 124, 0, NULL),
(32, 125, 0, NULL),
(32, 126, 0, NULL),
(32, 127, 0, NULL),
(32, 128, 0, NULL),
(32, 129, 0, NULL),
(32, 130, 0, NULL),
(32, 131, 0, NULL),
(32, 132, 0, NULL),
(32, 133, 0, NULL),
(32, 134, 0, NULL),
(32, 135, 0, NULL),
(32, 136, 0, NULL),
(32, 137, 0, NULL),
(32, 138, 0, NULL),
(32, 143, 0, NULL),
(32, 144, 0, NULL),
(32, 145, 0, NULL),
(32, 146, 0, NULL),
(32, 148, 0, NULL),
(32, 149, 0, NULL),
(32, 150, 0, NULL),
(32, 151, 0, NULL),
(32, 152, 0, NULL),
(32, 153, 0, NULL),
(32, 154, 0, NULL),
(32, 155, 0, NULL),
(32, 156, 0, NULL),
(32, 157, 0, NULL),
(32, 158, 0, NULL),
(32, 159, 0, NULL),
(32, 160, 0, NULL),
(32, 161, 0, NULL),
(32, 163, 0, NULL),
(32, 164, 0, NULL),
(32, 165, 0, NULL),
(32, 170, 0, NULL),
(32, 172, 0, NULL),
(32, 173, 0, NULL),
(32, 174, 0, NULL),
(32, 177, 0, NULL),
(33, 88, 0, NULL),
(34, 17, 0, NULL),
(34, 18, 0, NULL),
(34, 19, 0, NULL),
(34, 20, 0, NULL),
(34, 21, 0, NULL),
(34, 22, 0, NULL),
(35, 1, 0, NULL),
(35, 2, 0, NULL),
(35, 3, 0, NULL),
(35, 4, 0, NULL),
(35, 5, 0, NULL),
(35, 6, 0, NULL),
(35, 7, 0, NULL),
(35, 8, 0, NULL),
(35, 11, 0, NULL),
(35, 12, 0, NULL),
(35, 13, 0, NULL),
(35, 14, 0, NULL),
(35, 15, 0, NULL),
(35, 16, 0, NULL),
(35, 17, 0, NULL),
(35, 18, 0, NULL),
(35, 19, 0, NULL),
(35, 20, 0, NULL),
(35, 21, 0, NULL),
(35, 22, 0, NULL),
(35, 27, 0, NULL),
(35, 38, 0, NULL),
(35, 76, 0, NULL),
(35, 77, 0, NULL),
(35, 78, 0, NULL),
(35, 79, 0, NULL),
(35, 80, 0, NULL),
(35, 81, 0, NULL),
(35, 82, 0, NULL),
(35, 83, 0, NULL),
(35, 88, 0, NULL),
(35, 125, 0, NULL),
(35, 126, 0, NULL),
(35, 127, 0, NULL),
(35, 128, 0, NULL),
(35, 129, 0, NULL),
(35, 130, 0, NULL),
(35, 131, 0, NULL),
(35, 132, 0, NULL),
(35, 133, 0, NULL),
(35, 134, 0, NULL),
(35, 135, 0, NULL),
(35, 136, 0, NULL),
(35, 137, 0, NULL),
(35, 138, 0, NULL),
(35, 155, 0, NULL),
(35, 157, 0, NULL),
(35, 158, 0, NULL),
(35, 160, 0, NULL),
(35, 161, 0, NULL),
(35, 163, 0, NULL),
(35, 164, 0, NULL),
(35, 165, 0, NULL),
(71, 3, 1, NULL),
(72, 195, 1, NULL),
(73, 195, 1, NULL),
(73, 196, 1, NULL),
(74, 78, 1, NULL),
(75, 196, 1, NULL),
(76, 196, 1, NULL),
(77, 196, 1, NULL),
(77, 198, 1, NULL),
(78, 11, 1, NULL),
(78, 194, 1, NULL),
(79, 11, 1, NULL),
(79, 194, 1, NULL),
(80, 197, 1, NULL),
(81, 82, 1, NULL),
(82, 195, 1, NULL),
(82, 197, 1, NULL),
(83, 77, 1, NULL),
(83, 83, 1, NULL),
(84, 194, 1, NULL);

-- --------------------------------------------------------

--
-- Table structure for table `Reuse_User_Credentials`
--

CREATE TABLE IF NOT EXISTS `Reuse_User_Credentials` (
  `id` int(11) NOT NULL AUTO_INCREMENT,
  `login` varchar(255) NOT NULL,
  `pw_hash` varchar(255) NOT NULL,
  PRIMARY KEY (`id`),
  UNIQUE KEY `login` (`login`)
) ENGINE=InnoDB  DEFAULT CHARSET=latin1 AUTO_INCREMENT=4 ;

--
-- Dumping data for table `Reuse_User_Credentials`
--

INSERT INTO `Reuse_User_Credentials` (`id`, `login`, `pw_hash`) VALUES
(3, 'REUSE', 'rlCsLWNqj7XcA');

-- --------------------------------------------------------

--
-- Table structure for table `States`
--

CREATE TABLE IF NOT EXISTS `States` (
  `id` int(11) NOT NULL AUTO_INCREMENT,
  `name` varchar(255) NOT NULL,
  `abbreviation` varchar(255) NOT NULL,
  PRIMARY KEY (`id`),
  UNIQUE KEY `name` (`name`),
  UNIQUE KEY `abbreviation` (`abbreviation`)
) ENGINE=InnoDB  DEFAULT CHARSET=latin1 AUTO_INCREMENT=51 ;

--
-- Dumping data for table `States`
--

INSERT INTO `States` (`id`, `name`, `abbreviation`) VALUES
(1, 'Alabama', 'AL'),
(2, 'Alaska', 'AK'),
(3, 'Arizona', 'AZ'),
(4, 'Arkansas', 'AR'),
(5, 'California', 'CA'),
(6, 'Colorado', 'CO'),
(7, 'Connecticut', 'CT'),
(8, 'Delaware', 'DE'),
(9, 'Florida', 'FL'),
(10, 'Georgia', 'GA'),
(11, 'Hawaii', 'HI'),
(12, 'Idaho', 'ID'),
(13, 'Illinois', 'IL'),
(14, 'Indiana', 'IN'),
(15, 'Iowa', 'IA'),
(16, 'Kansas', 'KS'),
(17, 'Kentucky', 'KY'),
(18, 'Louisiana', 'LA'),
(19, 'Maine', 'ME'),
(20, 'Maryland', 'MD'),
(21, 'Massachusetts', 'MA'),
(22, 'Michigan', 'MI'),
(23, 'Minnesota', 'MN'),
(24, 'Mississippi', 'MS'),
(25, 'Missouri', 'MO'),
(26, 'Montana', 'MT'),
(27, 'Nebraska', 'NE'),
(28, 'Nevada', 'NV'),
(29, 'New Hampshire', 'NH'),
(30, 'New Jersey', 'NJ'),
(31, 'New Mexico', 'NM'),
(32, 'New York', 'NY'),
(33, 'North Carolina', 'NC'),
(34, 'North Dakota', 'ND'),
(35, 'Ohio', 'OH'),
(36, 'Oklahoma', 'OK'),
(37, 'Oregon', 'OR'),
(38, 'Pennsylvania', 'PA'),
(39, 'Rhode Island', 'RI'),
(40, 'South Carolina', 'SC'),
(41, 'South Dakota', 'SD'),
(42, 'Tennessee', 'TN'),
(43, 'Texas', 'TX'),
(44, 'Utah', 'UT'),
(45, 'Vermont', 'VT'),
(46, 'Virginia', 'VA'),
(47, 'Washington', 'WA'),
(48, 'West Virginia', 'WV'),
(49, 'Wisconsin', 'WI'),
(50, 'Wyoming', 'WY');

/*!40101 SET CHARACTER_SET_CLIENT=@OLD_CHARACTER_SET_CLIENT */;
/*!40101 SET CHARACTER_SET_RESULTS=@OLD_CHARACTER_SET_RESULTS */;
/*!40101 SET COLLATION_CONNECTION=@OLD_COLLATION_CONNECTION */;
